_id,Timestamp,DATE,TIME,LINE_IL1,LINE_IL1-Ang,LINE_IL2,LINE_IL2-Ang,LINE_IL3,LINE_IL3-Ang,LINE_UL1,LINE_UL1-Ang,LINE_UL2,LINE_UL2-Ang,LINE_UL3,LINE_UL3-Ang,LINE1_z0z1_mag,LINE1_z0z1_ang,LINE1_IL1_Real,LINE1_IL2_Real,LINE1_IL3_Real,LINE1_IL1_Imag,LINE1_IL2_Imag,LINE1_IL3_Imag,LINE1_V1_Real,LINE1_V2_Real,LINE1_V3_Real,LINE1_V1_Imag,LINE1_V2_Imag,LINE1_V3_Imag,LINE1_IL1_Complex,LINE1_IL2_Complex,LINE1_IL3_Complex,LINE1_V1_Complex,LINE1_V2_Complex,LINE1_V3_Complex,LINE1_IN_Imag,LINE1_IN_Real,LINE1_IN_Mag,LINE1_IN_Ang
65f99fc55ec4474d8eab57a6,2024-03-19_21:23:01,2024-03-19,21:23:01,136.32728576660156,7.8,143.4265899658203,248.3,144.8294219970703,124.7,86199.5546875,0,86635.546875,239.8,86000.3125,119.8,6.181,-2.55,135.06596397059386,-53.03151654670517,-82.44842433325681,18.501735626229326,-133.2623163613033,119.07064626081737,86199.5546875,-43579.408165343746,-42739.915952732576,0.0,-74876.92011754151,74628.10016643202,(135.06596397059386+18.501735626229326j),(-53.03151654670517-133.2623163613033j),(-82.44842433325681+119.07064626081737j),(86199.5546875+0j),(-43579.408165343746-74876.92011754151j),(-42739.915952732576+74628.10016643202j),-2.63909674692661,-24.3725335851725,24.515000000000004,-173.82
65f99fc75ec4474d8eab57a7,2024-03-19_21:23:03,2024-03-19,21:23:03,139.56361389160156,7.6,146.4675750732422,248.0,147.8040008544922,124.4,86200.390625,0,86643.40625,239.9,86005.3671875,119.8,6.181,-2.55,138.33762294302142,-54.86771934407665,-83.50438345697941,18.45817978454201,-135.80237082545898,121.95507620457818,86200.390625,-43452.59853844387,-42742.42800080121,0.0,-74959.66600018549,74632.4864496221,(138.33762294302142+18.45817978454201j),(-54.86771934407665-135.80237082545898j),(-83.50438345697941+121.95507620457818j),(86200.390625+0j),(-43452.59853844387-74959.66600018549j),(-42742.42800080121+74632.4864496221j),-2.63909674692661,-24.3725335851725,24.515000000000004,-173.82
65f99fc85ec4474d8eab57a8,2024-03-19_21:23:04,2024-03-19,21:23:04,135.1669921875,7.7,141.8433380126953,248.0,143.10011291503906,124.6,86180.8359375,0,86634.9765625,239.9,86015.203125,119.8,6.181,-2.55,133.94821841379903,-53.13544965167757,-81.2585040351974,18.110509677667206,-131.51485288323053,117.79090728175386,86180.8359375,-43448.370959651715,-42747.316205621006,0.0,-74952.37304406991,74641.02173638609,(133.94821841379903+18.110509677667206j),(-53.13544965167757-131.51485288323053j),(-81.2585040351974+117.79090728175386j),(86180.8359375+0j),(-43448.370959651715-74952.37304406991j),(-42747.316205621006+74641.02173638609j),-2.63909674692661,-24.3725335851725,24.515000000000004,-173.82
65f99fc95ec4474d8eab57a9,2024-03-19_21:23:05,2024-03-19,21:23:05,138.84739685058594,7.5,145.40194702148438,248.0,147.00587463378906,124.4,86219.6796875,0,86662.0625,239.9,86027.921875,119.8,6.181,-2.55,137.65953812264362,-54.468528049759215,-83.05346847771389,18.123222010573365,-134.8143377008957,121.29653148654619,86219.6796875,-43461.954848133995,-42753.63709318783,0.0,-74975.8064813755,74652.05862824613,(137.65953812264362+18.123222010573365j),(-54.468528049759215-134.8143377008957j),(-83.05346847771389+121.29653148654619j),(86219.6796875+0j),(-43461.954848133995-74975.8064813755j),(-42753.63709318783+74652.05862824613j),-2.63909674692661,-24.3725335851725,24.515000000000004,-173.82
65f99fcb5ec4474d8eab57aa,2024-03-19_21:23:07,2024-03-19,21:23:07,135.3888702392578,7.5,141.6063232421875,248.0,142.72369384765625,124.4,86189.5234375,0,86641.9296875,239.8,86006.515625,119.8,6.181,-2.55,134.23059968591775,-53.04666235590838,-80.6341776308486,17.671793701304985,-131.29509661472184,117.76324631784004,86189.5234375,-43582.61884734685,-42742.998744334574,0.0,-74882.43662155086,74633.48302400995,(134.23059968591775+17.671793701304985j),(-53.04666235590838-131.29509661472184j),(-80.6341776308486+117.76324631784004j),(86189.5234375+0j),(-43582.61884734685-74882.43662155086j),(-42742.998744334574+74633.48302400995j),-2.63909674692661,-24.3725335851725,24.515000000000004,-173.82
65f99fcc5ec4474d8eab57ab,2024-03-19_21:23:08,2024-03-19,21:23:08,136.43212890625,7.6,143.091064453125,248.1,143.7774658203125,124.4,86209.78125,0,86650.3046875,239.9,86011.6953125,119.9,6.181,-2.55,135.23364636147656,-53.3712188367833,-81.22952402453338,18.044020884235035,-132.7650772085964,118.63272779658605,86209.78125,-43456.05817891974,-42875.775588723234,0.0,-74965.63419318834,74563.25903684588,(135.23364636147656+18.044020884235035j),(-53.3712188367833-132.7650772085964j),(-81.22952402453338+118.63272779658605j),(86209.78125+0j),(-43456.05817891974-74965.63419318834j),(-42875.775588723234+74563.25903684588j),-2.63909674692661,-24.3725335851725,24.515000000000004,-173.82
65f99fcd5ec4474d8eab57ac,2024-03-19_21:23:09,2024-03-19,21:23:09,137.50950622558594,7.4,143.18788146972656,247.8,144.28842163085938,124.4,86218.28125,0,86649.34375,239.9,86009.8359375,119.8,6.181,-2.55,136.36421187745162,-54.1022217973909,-81.51819719770062,17.710618889410426,-132.57344755407993,119.05432433289201,86218.28125,-43455.57625844575,-42744.64885318955,0.0,-74964.80283674513,74636.36427649183,(136.36421187745162+17.710618889410426j),(-54.1022217973909-132.57344755407993j),(-81.51819719770062+119.05432433289201j),(86218.28125+0j),(-43455.57625844575-74964.80283674513j),(-42744.64885318955+74636.36427649183j),-2.63909674692661,-24.3725335851725,24.515000000000004,-173.82
65f99fce5ec4474d8eab57ad,2024-03-19_21:23:10,2024-03-19,21:23:10,137.0972900390625,7.2,145.02757263183594,247.7,146.90963745117188,124.4,86192.78125,0,86633.7578125,239.9,86002.421875,119.8,6.181,-2.55,136.01623695812884,-55.0316057366903,-82.9990976450326,17.182846673498982,-134.1809196328745,121.21712488813247,86192.78125,-43447.7597434408,-42740.96425718162,0.0,-74951.3186407761,74629.93060918522,(136.01623695812884+17.182846673498982j),(-55.0316057366903-134.1809196328745j),(-82.9990976450326+121.21712488813247j),(86192.78125+0j),(-43447.7597434408-74951.3186407761j),(-42740.96425718162+74629.93060918522j),-2.63909674692661,-24.3725335851725,24.515000000000004,-173.82
65f99fcf5ec4474d8eab57ae,2024-03-19_21:23:11,2024-03-19,21:23:11,137.70370483398438,7.4,144.46974182128906,247.9,145.35269165039062,124.3,86197.0625,0,86638.8671875,239.9,86004.59375,119.8,6.181,-2.55,136.55679303717525,-54.35302216264889,-81.91002802818575,17.735630815033634,-133.85535209208675,120.07561067275635,86197.0625,-43450.322149863474,-42742.043622503224,0.0,-74955.73902381556,74631.81528727926,(136.55679303717525+17.735630815033634j),(-54.35302216264889-133.85535209208675j),(-81.91002802818575+120.07561067275635j),(86197.0625+0j),(-43450.322149863474-74955.73902381556j),(-42742.043622503224+74631.81528727926j),-2.63909674692661,-24.3725335851725,24.515000000000004,-173.82
65f99fd05ec4474d8eab57af,2024-03-19_21:23:12,2024-03-19,21:23:12,139.1234893798828,7.5,147.40115356445312,248.0,149.13534545898438,124.4,86175.1484375,0,86621.2265625,239.8,85984.59375,119.9,6.181,-2.55,137.9332686420787,-55.21744400235554,-84.25654922870532,18.15925931712289,-136.6679697294806,123.05358660860466,86175.1484375,-43572.20476251427,-42862.265792088816,0.0,-74864.54343229166,74539.76478042356,(137.9332686420787+18.15925931712289j),(-55.21744400235554-136.6679697294806j),(-84.25654922870532+123.05358660860466j),(86175.1484375+0j),(-43572.20476251427-74864.54343229166j),(-42862.265792088816+74539.76478042356j),-2.63909674692661,-24.3725335851725,24.515000000000004,-173.82
65f99fd25ec4474d8eab57b0,2024-03-19_21:23:14,2024-03-19,21:23:14,136.61717224121094,7.8,143.27035522460938,248.1,144.195556640625,124.6,86166.5859375,0,86615.2890625,239.9,85967.34375,119.8,6.181,-2.55,135.353168369295,-53.438092104075565,-81.88054490282904,18.5410777350719,-132.9314296863691,118.69260685196652,86166.5859375,-43438.49746701389,-42723.53134245495,0.0,-74935.34037547745,74599.49102414126,(135.353168369295+18.5410777350719j),(-53.438092104075565-132.9314296863691j),(-81.88054490282904+118.69260685196652j),(86166.5859375+0j),(-43438.49746701389-74935.34037547745j),(-42723.53134245495+74599.49102414126j),-2.63909674692661,-24.3725335851725,24.515000000000004,-173.82
65f99fd35ec4474d8eab57b1,2024-03-19_21:23:15,2024-03-19,21:23:15,140.21566772460938,7.4,146.7578125,247.8,148.06134033203125,124.3,86176.875,0,86607.234375,239.9,85954.3125,119.8,6.181,-2.55,139.04783419678455,-55.45108734675708,-83.43642211771066,18.05916057411238,-135.87874168481056,122.31322072904787,86176.875,-43434.45795474818,-42717.05515052531,0.0,-74928.37185114458,74588.18295557705,(139.04783419678455+18.05916057411238j),(-55.45108734675708-135.87874168481056j),(-83.43642211771066+122.31322072904787j),(86176.875+0j),(-43434.45795474818-74928.37185114458j),(-42717.05515052531+74588.18295557705j),-2.63909674692661,-24.3725335851725,24.515000000000004,-173.82
65f99fd55ec4474d8eab57b2,2024-03-19_21:23:17,2024-03-19,21:23:17,138.58033752441406,7.6,145.0570526123047,247.9,145.0567169189453,124.3,86155.40625,0,86583.3359375,239.8,85964.2109375,119.8,6.181,-2.55,137.36298412750307,-54.57398273223254,-81.74323855718902,18.328135201592655,-134.39951235518274,119.83110645189554,86155.40625,-43553.14502234898,-42721.97441621767,0.0,-74831.79551987388,74596.77247768188,(137.36298412750307+18.328135201592655j),(-54.57398273223254-134.39951235518274j),(-81.74323855718902+119.83110645189554j),(86155.40625+0j),(-43553.14502234898-74831.79551987388j),(-42721.97441621767+74596.77247768188j),-2.63909674692661,-24.3725335851725,24.515000000000004,-173.82
65f99fd65ec4474d8eab57b3,2024-03-19_21:23:18,2024-03-19,21:23:18,136.9085235595703,7.5,144.14517211914062,247.9,145.40478515625,124.5,86157.3203125,0,86594.453125,239.9,85963.5078125,119.9,6.181,-2.55,135.73725216141125,-54.23091116562073,-82.35817719121532,17.870148262699935,-133.5546289703327,119.83189139822338,86157.3203125,-43428.04802063885,-42851.75471076385,0.0,-74917.31413455041,74521.48544975655,(135.73725216141125+17.870148262699935j),(-54.23091116562073-133.5546289703327j),(-82.35817719121532+119.83189139822338j),(86157.3203125+0j),(-43428.04802063885-74917.31413455041j),(-42851.75471076385+74521.48544975655j),-2.63909674692661,-24.3725335851725,24.515000000000004,-173.82
65f99fd75ec4474d8eab57b4,2024-03-19_21:23:19,2024-03-19,21:23:19,135.8572235107422,7.7,142.49876403808594,248.0,143.17013549804688,124.5,86175.65625,0,86602.703125,239.8,85968.9453125,119.9,6.181,-2.55,134.63222605904897,-53.380976562285284,-81.09245768746713,18.20299113972465,-132.12255331183562,117.99025809250294,86175.65625,-43562.88710397161,-42854.46523784876,0.0,-74848.53409201484,74526.19920082888,(134.63222605904897+18.20299113972465j),(-53.380976562285284-132.12255331183562j),(-81.09245768746713+117.99025809250294j),(86175.65625+0j),(-43562.88710397161-74848.53409201484j),(-42854.46523784876+74526.19920082888j),-2.63909674692661,-24.3725335851725,24.515000000000004,-173.82
65f99fd85ec4474d8eab57b5,2024-03-19_21:23:20,2024-03-19,21:23:20,136.9299774169922,7.5,142.642578125,247.8,144.18539428710938,124.5,86198.53125,0,86640.9765625,239.9,85994.1171875,119.8,6.181,-2.55,135.7585224781088,-53.89618395256467,-81.66750659768488,17.872948553017643,-132.06856722739911,118.82695944879802,86198.53125,-43451.38002407467,-42736.83704373965,0.0,-74957.56395259334,74622.7240882717,(135.7585224781088+17.872948553017643j),(-53.89618395256467-132.06856722739911j),(-81.66750659768488+118.82695944879802j),(86198.53125+0j),(-43451.38002407467-74957.56395259334j),(-42736.83704373965+74622.7240882717j),-2.63909674692661,-24.3725335851725,24.515000000000004,-173.82
65f99fd95ec4474d8eab57b6,2024-03-19_21:23:21,2024-03-19,21:23:21,139.00848388671875,7.7,146.29371643066406,248.1,147.4646453857422,124.7,86179.234375,0,86620.078125,239.9,85996.734375,119.8,6.181,-2.55,137.7550721495688,-54.565768896247626,-83.94860304809374,18.62521649676156,-135.7366138219782,121.23717946659877,86179.234375,-43440.899233278564,-42738.13771777828,0.0,-74939.48363970252,74624.99519316919,(137.7550721495688+18.62521649676156j),(-54.565768896247626-135.7366138219782j),(-83.94860304809374+121.23717946659877j),(86179.234375+0j),(-43440.899233278564-74939.48363970252j),(-42738.13771777828+74624.99519316919j),-2.63909674692661,-24.3725335851725,24.515000000000004,-173.82
65f99fdb5ec4474d8eab57b7,2024-03-19_21:23:23,2024-03-19,21:23:23,135.89146423339844,7.7,142.70132446289062,248.0,144.30299377441406,124.5,86173.7421875,0,86611.453125,239.9,85965.0390625,119.8,6.181,-2.55,134.66615803994742,-53.45685703298225,-81.73411568075342,18.207578923539327,-132.3103640672887,118.92387626605434,86173.7421875,-43436.573703170565,-42722.38597277914,0.0,-74932.02170870011,74597.49109594795,(134.66615803994742+18.207578923539327j),(-53.45685703298225-132.3103640672887j),(-81.73411568075342+118.92387626605434j),(86173.7421875+0j),(-43436.573703170565-74932.02170870011j),(-42722.38597277914+74597.49109594795j),-2.63909674692661,-24.3725335851725,24.515000000000004,-173.82
65f99fdc5ec4474d8eab57b8,2024-03-19_21:23:24,2024-03-19,21:23:24,137.56983947753906,7.4,144.654541015625,247.8,146.95323181152344,124.4,86196.6171875,0,86629.796875,239.9,85988.5,119.8,6.181,-2.55,136.4240426235463,-54.65638559420798,-83.02372702016665,17.718389546589194,-133.93138448555808,121.25309518330735,86196.6171875,-43445.773290755336,-42734.04544781794,0.0,-74947.89183007118,74617.8496870141,(136.4240426235463+17.718389546589194j),(-54.65638559420798-133.93138448555808j),(-83.02372702016665+121.25309518330735j),(86196.6171875+0j),(-43445.773290755336-74947.89183007118j),(-42734.04544781794+74617.8496870141j),-2.63909674692661,-24.3725335851725,24.515000000000004,-173.82
65f99fdd5ec4474d8eab57b9,2024-03-19_21:23:25,2024-03-19,21:23:25,136.46974182128906,7.7,142.3538360595703,247.8,143.85406494140625,124.4,86151.0546875,0,86601.296875,239.9,85964.6640625,119.8,6.181,-2.55,135.23922141431865,-53.78708542337513,-81.2728000004427,18.28506013165368,-131.8012294424205,118.69593076535676,86151.0546875,-43431.48023474629,-42722.19960754376,0.0,-74923.23501458495,74597.16568390295,(135.23922141431865+18.28506013165368j),(-53.78708542337513-131.8012294424205j),(-81.2728000004427+118.69593076535676j),(86151.0546875+0j),(-43431.48023474629-74923.23501458495j),(-42722.19960754376+74597.16568390295j),-2.63909674692661,-24.3725335851725,24.515000000000004,-173.82
65f99fde5ec4474d8eab57ba,2024-03-19_21:23:26,2024-03-19,21:23:26,139.5012664794922,7.6,146.79214477539062,248.0,148.26412963867188,124.4,86175.71875,0,86609.0859375,239.8,85975.265625,119.9,6.181,-2.55,138.27582321924413,-54.98930529452449,-83.76434103736696,18.44993394087455,-136.10330661297257,122.33473467535121,86175.71875,-43566.097785974714,-42857.61583614143,0.0,-74854.05059602419,74531.67825918739,(138.27582321924413+18.44993394087455j),(-54.98930529452449-136.10330661297257j),(-83.76434103736696+122.33473467535121j),(86175.71875+0j),(-43566.097785974714-74854.05059602419j),(-42857.61583614143+74531.67825918739j),-2.63909674692661,-24.3725335851725,24.515000000000004,-173.82
65f99fe15ec4474d8eab57bb,2024-03-19_21:23:29,2024-03-19,21:23:29,137.3948516845703,7.8,145.12156677246094,248.0,146.4992218017578,124.5,86180.9609375,0,86636.6328125,239.9,85987.28125,119.8,6.181,-2.55,136.12365259838234,-54.36349575981144,-82.97807293315003,18.64662094589781,-134.55437366086173,120.73384529957399,86180.9609375,-43449.20158681014,-42733.43976080294,0.0,-74953.80595111023,74616.7920978678,(136.12365259838234+18.64662094589781j),(-54.36349575981144-134.55437366086173j),(-82.97807293315003+120.73384529957399j),(86180.9609375+0j),(-43449.20158681014-74953.80595111023j),(-42733.43976080294+74616.7920978678j),-2.63909674692661,-24.3725335851725,24.515000000000004,-173.82
65f99fe65ec4474d8eab57bc,2024-03-19_21:23:34,2024-03-19,21:23:34,136.895751953125,7.6,144.518310546875,248.0,146.40499877929688,124.5,86193.296875,0,86643.7890625,239.9,85998.5859375,119.8,6.181,-2.55,135.69319673035784,-54.137512000187755,-82.92470442556625,18.105337994854732,-133.99504422833155,120.65619363919281,86193.296875,-43452.79052302294,-42739.05789612799,0.0,-74959.99719096368,74626.60191514144,(135.69319673035784+18.105337994854732j),(-54.137512000187755-133.99504422833155j),(-82.92470442556625+120.65619363919281j),(86193.296875+0j),(-43452.79052302294-74959.99719096368j),(-42739.05789612799+74626.60191514144j),-2.63909674692661,-24.3725335851725,24.515000000000004,-173.82
65f99fe75ec4474d8eab57bd,2024-03-19_21:23:35,2024-03-19,21:23:35,139.38818359375,7.7,145.93121337890625,248.2,145.5945587158203,124.6,86197.703125,0,86637.78125,239.9,86006.7734375,119.8,6.181,-2.55,138.13134818017343,-54.19415885174395,-82.67495948054501,18.676091012111122,-135.4950633218488,119.84417633971493,86197.703125,-43449.777540547344,-42743.1268704339,0.0,-74954.79952344479,74633.70674479089,(138.13134818017343+18.676091012111122j),(-54.19415885174395-135.4950633218488j),(-82.67495948054501+119.84417633971493j),(86197.703125+0j),(-43449.777540547344-74954.79952344479j),(-42743.1268704339+74633.70674479089j),-2.63909674692661,-24.3725335851725,24.515000000000004,-173.82
65f99fe85ec4474d8eab57be,2024-03-19_21:23:36,2024-03-19,21:23:36,137.62879943847656,7.7,144.38522338867188,248.1,145.8434295654297,124.6,86212.2734375,0,86652.9921875,239.9,86005.046875,119.8,6.181,-2.55,136.38782804045297,-53.8539243084536,-82.81627923582174,18.44035784046065,-133.96584478730404,120.04903098709647,86212.2734375,-43457.40598902586,-42742.268813829316,0.0,-74967.9592876311,74632.20849350031,(136.38782804045297+18.44035784046065j),(-53.8539243084536-133.96584478730404j),(-82.81627923582174+120.04903098709647j),(86212.2734375+0j),(-43457.40598902586-74967.9592876311j),(-42742.268813829316+74632.20849350031j),-2.63909674692661,-24.3725335851725,24.515000000000004,-173.82
65f99fea5ec4474d8eab57bf,2024-03-19_21:23:38,2024-03-19,21:23:38,137.72312927246094,7.7,143.7001953125,248.1,145.0228271484375,124.5,86195.9140625,0,86624.109375,239.9,85987.28125,119.8,6.181,-2.55,136.48130732116337,-53.598417205320075,-82.14183379334693,18.452996735087357,-133.33025090329312,119.5171098010312,86195.9140625,-43442.92094843774,-42733.43976080294,0.0,-74942.97128136668,74616.7920978678,(136.48130732116337+18.452996735087357j),(-53.598417205320075-133.33025090329312j),(-82.14183379334693+119.5171098010312j),(86195.9140625+0j),(-43442.92094843774-74942.97128136668j),(-42733.43976080294+74616.7920978678j),-2.63909674692661,-24.3725335851725,24.515000000000004,-173.82
65f99feb5ec4474d8eab57c0,2024-03-19_21:23:39,2024-03-19,21:23:39,136.9735870361328,7.8,143.8349609375,248.2,145.4147186279297,124.7,86201.34375,0,86635.2890625,239.9,86001.1484375,119.8,6.181,-2.55,135.7062855576759,-53.415678119812014,-82.78162172033811,18.589448772988778,-133.54872264043857,119.55184439811377,86201.34375,-43448.52768175708,-42740.33139190313,0.0,-74952.64340388884,74628.8255641157,(135.7062855576759+18.589448772988778j),(-53.415678119812014-133.54872264043857j),(-82.78162172033811+119.55184439811377j),(86201.34375+0j),(-43448.52768175708-74952.64340388884j),(-42740.33139190313+74628.8255641157j),-2.63909674692661,-24.3725335851725,24.515000000000004,-173.82
65f99fec5ec4474d8eab57c1,2024-03-19_21:23:40,2024-03-19,21:23:40,138.6461944580078,7.7,145.39019775390625,248.2,147.16957092285156,124.6,86188.5,0,86627.046875,239.9,85991.75,119.8,6.181,-2.55,137.396049412282,-53.99324305008884,-83.56932031068999,18.57667471819121,-134.99273798191516,121.14062616820804,86188.5,-43444.39413622815,-42735.66061319128,0.0,-74945.51266366462,74620.66992473755,(137.396049412282+18.57667471819121j),(-53.99324305008884-134.99273798191516j),(-83.56932031068999+121.14062616820804j),(86188.5+0j),(-43444.39413622815-74945.51266366462j),(-42735.66061319128+74620.66992473755j),-2.63909674692661,-24.3725335851725,24.515000000000004,-173.82
65f99fed5ec4474d8eab57c2,2024-03-19_21:23:41,2024-03-19,21:23:41,136.90252685546875,7.8,144.109375,248.2,144.45245361328125,124.6,86161.8515625,0,86598.8671875,239.9,85965.171875,119.8,6.181,-2.55,135.63588283713946,-53.517586676247184,-82.02642224187497,18.57980479989267,-133.80351220816664,118.90406809312627,86161.8515625,-43430.2617203771,-42722.45197713334,0.0,-74921.13296699278,74597.60634604722,(135.63588283713946+18.57980479989267j),(-53.517586676247184-133.80351220816664j),(-82.02642224187497+118.90406809312627j),(86161.8515625+0j),(-43430.2617203771-74921.13296699278j),(-42722.45197713334+74597.60634604722j),-2.63909674692661,-24.3725335851725,24.515000000000004,-173.82
65f99fee5ec4474d8eab57c3,2024-03-19_21:23:42,2024-03-19,21:23:42,139.89744567871094,8.0,146.493896484375,248.3,147.34320068359375,124.8,86196.234375,0,86632.03125,239.9,85988.3046875,119.8,6.181,-2.55,138.53597335413582,-54.165643185505644,-84.09076373617697,19.469961331498506,-136.1122507545712,120.99075271256166,86196.234375,-43446.89385380867,-42733.948382591174,0.0,-74949.82490277651,74617.680201574,(138.53597335413582+19.469961331498506j),(-54.165643185505644-136.1122507545712j),(-84.09076373617697+120.99075271256166j),(86196.234375+0j),(-43446.89385380867-74949.82490277651j),(-42733.948382591174+74617.680201574j),-2.63909674692661,-24.3725335851725,24.515000000000004,-173.82
65f99ff05ec4474d8eab57c4,2024-03-19_21:23:44,2024-03-19,21:23:44,136.75160217285156,7.6,143.54678344726562,247.8,144.786376953125,124.3,86182.8828125,0,86643.6015625,239.8,85986.7109375,119.8,6.181,-2.55,135.55031322802697,-54.23782960297496,-81.59089494438038,18.086273265259408,-132.9057443379135,119.60777906719734,86182.8828125,-43583.459833820125,-42733.15633034079,0.0,-74883.88158098537,74616.29720038269,(135.55031322802697+18.086273265259408j),(-54.23782960297496-132.9057443379135j),(-81.59089494438038+119.60777906719734j),(86182.8828125+0j),(-43583.459833820125-74883.88158098537j),(-42733.15633034079+74616.29720038269j),-2.63909674692661,-24.3725335851725,24.515000000000004,-173.82
65f99ff45ec4474d8eab57c5,2024-03-19_21:23:48,2024-03-19,21:23:48,137.94760131835938,7.9,145.38217163085938,248.4,146.83258056640625,124.8,86200.8984375,0,86638.8046875,239.9,86002.9375,119.8,6.181,-2.55,136.63840453686035,-53.51874689993716,-83.79934590736545,18.9601454401152,-135.17292464974307,120.57145740716538,86200.8984375,-43450.290805442404,-42741.22050938028,0.0,-74955.68495185178,74630.37805074711,(136.63840453686035+18.9601454401152j),(-53.51874689993716-135.17292464974307j),(-83.79934590736545+120.57145740716538j),(86200.8984375+0j),(-43450.290805442404-74955.68495185178j),(-42741.22050938028+74630.37805074711j),-2.63909674692661,-24.3725335851725,24.515000000000004,-173.82
65f99ff55ec4474d8eab57c6,2024-03-19_21:23:49,2024-03-19,21:23:49,137.74539184570312,7.9,144.25440979003906,248.3,145.0158233642578,124.5,86194.5078125,0,86639.703125,239.9,85990.9921875,119.8,6.181,-2.55,136.4381141406379,-53.337600242317045,-82.13786680630548,18.932352850941548,-134.03147072334653,119.51133779906927,86194.5078125,-43450.741381495325,-42735.28400011144,0.0,-74956.4622363312,74620.01232122992,(136.4381141406379+18.932352850941548j),(-53.337600242317045-134.03147072334653j),(-82.13786680630548+119.51133779906927j),(86194.5078125+0j),(-43450.741381495325-74956.4622363312j),(-42735.28400011144+74620.01232122992j),-2.63909674692661,-24.3725335851725,24.515000000000004,-173.82
65f99ff65ec4474d8eab57c7,2024-03-19_21:23:50,2024-03-19,21:23:50,136.72967529296875,7.9,143.26638793945312,248.2,143.89833068847656,124.6,86193.8046875,0,86634.9765625,239.9,85986.1953125,119.8,6.181,-2.55,135.43203728318673,-53.20452839617504,-81.7117670050341,18.792748150448556,-133.02081067020487,118.44794936108086,86193.8046875,-43448.370959651715,-42732.900078142135,0.0,-74952.37304406991,74615.84975882078,(135.43203728318673+18.792748150448556j),(-53.20452839617504-133.02081067020487j),(-81.7117670050341+118.44794936108086j),(86193.8046875+0j),(-43448.370959651715-74952.37304406991j),(-42732.900078142135+74615.84975882078j),-2.63909674692661,-24.3725335851725,24.515000000000004,-173.82
65f99ff75ec4474d8eab57c8,2024-03-19_21:23:51,2024-03-19,21:23:51,137.1866455078125,7.9,144.0128936767578,248.2,145.82908630371094,124.4,86207.2890625,0,86635.734375,239.9,85989.3203125,119.8,6.181,-2.55,135.8846706054075,-53.48175661606371,-82.38862190120422,18.855556214180254,-133.71393066697755,120.32554755078235,86207.2890625,-43448.75101075722,-42734.45312177035,0.0,-74953.02866663081,74618.56152586256,(135.8846706054075+18.855556214180254j),(-53.48175661606371-133.71393066697755j),(-82.38862190120422+120.32554755078235j),(86207.2890625+0j),(-43448.75101075722-74953.02866663081j),(-42734.45312177035+74618.56152586256j),-2.63909674692661,-24.3725335851725,24.515000000000004,-173.82
65f99ff95ec4474d8eab57c9,2024-03-19_21:23:53,2024-03-19,21:23:53,135.7144317626953,7.6,142.86117553710938,247.9,144.5884552001953,124.4,86163.0703125,0,86620.078125,239.9,85989.7734375,119.8,6.181,-2.55,134.52225379959103,-53.747840497672556,-81.68770626429523,17.949100850730645,-132.36496937513917,119.30188608088771,86163.0703125,-43440.899233278564,-42734.67831309644,0.0,-74939.48363970252,74618.95473208363,(134.52225379959103+17.949100850730645j),(-53.747840497672556-132.36496937513917j),(-81.68770626429523+119.30188608088771j),(86163.0703125+0j),(-43440.899233278564-74939.48363970252j),(-42734.67831309644+74618.95473208363j),-2.63909674692661,-24.3725335851725,24.515000000000004,-173.82
65f99ffa5ec4474d8eab57ca,2024-03-19_21:23:54,2024-03-19,21:23:54,136.39495849609375,8.0,143.49220275878906,248.3,145.3441162109375,124.5,86177.125,0,86615.484375,239.9,85977.1796875,119.8,6.181,-2.55,135.0675721360134,-53.05577666414104,-82.32381392220267,18.98250932922079,-133.3232793443599,119.78189253155526,86177.125,-43438.59541832974,-42728.419547274745,0.0,-74935.50935036427,74608.02631090526,(135.0675721360134+18.98250932922079j),(-53.05577666414104-133.3232793443599j),(-82.32381392220267+119.78189253155526j),(86177.125+0j),(-43438.59541832974-74935.50935036427j),(-42728.419547274745+74608.02631090526j),-2.63909674692661,-24.3725335851725,24.515000000000004,-173.82
65f99ffb5ec4474d8eab57cb,2024-03-19_21:23:55,2024-03-19,21:23:55,137.31101989746094,7.9,143.4341583251953,248.4,144.57162475585938,124.8,86172.3359375,0,86610.75,239.9,85960.4453125,119.8,6.181,-2.55,136.00786461533878,-52.80163537316578,-82.5089877503514,18.87265079570413,-133.3617076839392,118.71487533144857,86172.3359375,-43436.221078433504,-42720.10299864568,0.0,-74931.41339910752,74593.50479839653,(136.00786461533878+18.87265079570413j),(-52.80163537316578-133.3617076839392j),(-82.5089877503514+118.71487533144857j),(86172.3359375+0j),(-43436.221078433504-74931.41339910752j),(-42720.10299864568+74593.50479839653j),-2.63909674692661,-24.3725335851725,24.515000000000004,-173.82
65f99ffd5ec4474d8eab57cc,2024-03-19_21:23:57,2024-03-19,21:23:57,139.01425170898438,7.9,146.2242431640625,248.2,147.4969482421875,124.7,86182.8828125,0,86616.4375,239.8,85990.7265625,119.8,6.181,-2.55,137.69493184274125,-54.30298068880918,-83.96699240281639,19.106750718834995,-135.76713732422033,121.26373706753355,86182.8828125,-43569.795768551114,-42735.15199140304,0.0,-74860.40436624792,74619.78182103137,(137.69493184274125+19.106750718834995j),(-54.30298068880918-135.76713732422033j),(-83.96699240281639+121.26373706753355j),(86182.8828125+0j),(-43569.795768551114-74860.40436624792j),(-42735.15199140304+74619.78182103137j),-2.63909674692661,-24.3725335851725,24.515000000000004,-173.82
65f99ffe5ec4474d8eab57cd,2024-03-19_21:23:58,2024-03-19,21:23:58,137.9638671875,7.9,145.30174255371094,248.2,146.43617248535156,124.8,86177.3203125,0,86618.421875,239.9,85970.28125,119.8,6.181,-2.55,136.65451603417196,-53.96039363384915,-83.57311043716778,18.96238109511513,-134.9106085822199,120.24594722491312,86177.3203125,-43440.06860612015,-42724.99120346547,0.0,-74938.0507326622,74602.04008516054,(136.65451603417196+18.96238109511513j),(-53.96039363384915-134.9106085822199j),(-83.57311043716778+120.24594722491312j),(86177.3203125+0j),(-43440.06860612015-74938.0507326622j),(-42724.99120346547+74602.04008516054j),-2.63909674692661,-24.3725335851725,24.515000000000004,-173.82
65f99fff5ec4474d8eab57ce,2024-03-19_21:23:59,2024-03-19,21:23:59,134.97561645507812,7.7,142.54994201660156,248.0,143.7676239013672,124.6,86182.625,0,86633.0546875,239.8,85982.9375,119.9,6.181,-2.55,133.75856827813584,-53.400148170474935,-81.63754597353805,18.08486797329837,-132.17000470722468,118.34035985099685,86182.625,-43578.1545453205,-42861.44017176985,0.0,-74874.76618268351,74538.32898268313,(133.75856827813584+18.08486797329837j),(-53.400148170474935-132.17000470722468j),(-81.63754597353805+118.34035985099685j),(86182.625+0j),(-43578.1545453205-74874.76618268351j),(-42861.44017176985+74538.32898268313j),-2.63909674692661,-24.3725335851725,24.515000000000004,-173.82
65f9a0005ec4474d8eab57cf,2024-03-19_21:24:00,2024-03-19,21:24:00,136.07174682617188,7.9,142.54734802246094,248.2,143.3553009033203,124.6,86173.6796875,0,86609.4140625,239.9,85954.4375,119.8,6.181,-2.55,134.78035291069054,-52.93750009852743,-81.4034109381556,18.702319471004742,-132.35319229831597,118.00096179572131,86173.6796875,-43435.55109143308,-42717.117272270436,0.0,-74930.2576108816,74588.29142625871,(134.78035291069054+18.702319471004742j),(-52.93750009852743-132.35319229831597j),(-81.4034109381556+118.00096179572131j),(86173.6796875+0j),(-43435.55109143308-74930.2576108816j),(-42717.117272270436+74588.29142625871j),-2.63909674692661,-24.3725335851725,24.515000000000004,-173.82
65f9a0025ec4474d8eab57d0,2024-03-19_21:24:02,2024-03-19,21:24:02,139.83462524414062,7.9,146.6046142578125,248.3,147.87144470214844,124.6,86171.3125,0,86608.1953125,239.9,85965.6171875,119.8,6.181,-2.55,138.5075195927038,-54.206580723206734,-83.9678749460805,19.219506586955436,-136.2151222441197,121.71836400206803,86171.3125,-43434.93987522217,-42722.67328585037,0.0,-74929.20320758778,74597.99277285069,(138.5075195927038+19.219506586955436j),(-54.206580723206734-136.2151222441197j),(-83.9678749460805+121.71836400206803j),(86171.3125+0j),(-43434.93987522217-74929.20320758778j),(-42722.67328585037+74597.99277285069j),-2.63909674692661,-24.3725335851725,24.515000000000004,-173.82
65f9a0035ec4474d8eab57d1,2024-03-19_21:24:03,2024-03-19,21:24:03,139.26119995117188,7.7,146.07388305664062,248.1,146.99142456054688,124.7,86182.4921875,0,86628.640625,239.9,85996.9921875,119.8,6.181,-2.55,138.0055095237399,-54.48377373353446,-83.67920812224901,18.65907695823156,-135.53264444774234,120.8481237850728,86182.4921875,-43445.19341896549,-42738.265843877605,0.0,-74946.89149874114,74625.21891395013,(138.0055095237399+18.65907695823156j),(-54.48377373353446-135.53264444774234j),(-83.67920812224901+120.8481237850728j),(86182.4921875+0j),(-43445.19341896549-74946.89149874114j),(-42738.265843877605+74625.21891395013j),-2.63909674692661,-24.3725335851725,24.515000000000004,-173.82
65f9a0045ec4474d8eab57d2,2024-03-19_21:24:04,2024-03-19,21:24:04,136.81961059570312,7.8,143.9369659423828,248.0,145.53265380859375,124.5,86187.796875,0,86625.578125,239.9,85991.046875,119.8,6.181,-2.55,135.5537337318367,-53.91973647829821,-82.43060279340999,18.568551772234468,-133.45603089710687,119.93727130332366,86187.796875,-43443.65754233294,-42735.311178374934,0.0,-74944.24197251565,74620.05977715315,(135.5537337318367+18.568551772234468j),(-53.91973647829821-133.45603089710687j),(-82.43060279340999+119.93727130332366j),(86187.796875+0j),(-43443.65754233294-74944.24197251565j),(-42735.311178374934+74620.05977715315j),-2.63909674692661,-24.3725335851725,24.515000000000004,-173.82
65f9a0055ec4474d8eab57d3,2024-03-19_21:24:05,2024-03-19,21:24:05,136.81961059570312,7.7,143.9369659423828,248.1,145.53265380859375,124.3,86187.796875,0,86625.578125,239.9,85991.046875,119.8,6.181,-2.55,135.5859354918678,-53.68672975753915,-82.01144139215624,18.331937714134394,-133.54993527755687,120.22427710472174,86187.796875,-43443.65754233294,-42735.311178374934,0.0,-74944.24197251565,74620.05977715315,(135.5859354918678+18.331937714134394j),(-53.68672975753915-133.54993527755687j),(-82.01144139215624+120.22427710472174j),(86187.796875+0j),(-43443.65754233294-74944.24197251565j),(-42735.311178374934+74620.05977715315j),-2.63909674692661,-24.3725335851725,24.515000000000004,-173.82
65f9a0075ec4474d8eab57d4,2024-03-19_21:24:07,2024-03-19,21:24:07,136.4678192138672,7.7,144.82818603515625,248.1,146.74684143066406,124.4,86193.0390625,0,86636.953125,239.8,86003.890625,119.8,6.181,-2.55,135.23731614266393,-54.01914396372972,-82.9071232651568,18.284802528819167,-134.37684158983524,121.08279969414548,86193.0390625,-43580.1155371437,-42741.69418768688,0.0,-74878.13550398176,74631.20513969485,(135.23731614266393+18.284802528819167j),(-54.01914396372972-134.37684158983524j),(-82.9071232651568+121.08279969414548j),(86193.0390625+0j),(-43580.1155371437-74878.13550398176j),(-42741.69418768688+74631.20513969485j),-2.63909674692661,-24.3725335851725,24.515000000000004,-173.82
65f9a0085ec4474d8eab57d5,2024-03-19_21:24:08,2024-03-19,21:24:08,136.14144897460938,7.8,142.8441162109375,248.1,144.091064453125,124.4,86162.875,0,86605.578125,239.8,85965.5546875,119.9,6.181,-2.55,134.88184657024746,-53.27911015951879,-81.40669690439162,18.476514679624753,-132.53594967665822,118.89148226156128,86162.875,-43564.33328631817,-42852.77505285616,0.0,-74851.01888207046,74523.25987903953,(134.88184657024746+18.476514679624753j),(-53.27911015951879-132.53594967665822j),(-81.40669690439162+118.89148226156128j),(86162.875+0j),(-43564.33328631817-74851.01888207046j),(-42852.77505285616+74523.25987903953j),-2.63909674692661,-24.3725335851725,24.515000000000004,-173.82
65f9a0095ec4474d8eab57d6,2024-03-19_21:24:09,2024-03-19,21:24:09,136.29916381835938,7.9,142.2526092529297,248.3,142.90512084960938,124.7,86172.203125,0,86623.40625,239.9,85972.5859375,119.8,6.181,-2.55,135.00561159355345,-52.59744098501184,-81.35295909309282,18.73357669625709,-132.17153264260384,117.48859353928374,86172.203125,-43442.568323700674,-42726.13657314127,0.0,-74942.3629717741,74604.04001335385,(135.00561159355345+18.73357669625709j),(-52.59744098501184-132.17153264260384j),(-81.35295909309282+117.48859353928374j),(86172.203125+0j),(-43442.568323700674-74942.3629717741j),(-42726.13657314127+74604.04001335385j),-2.63909674692661,-24.3725335851725,24.515000000000004,-173.82
65f9a00b5ec4474d8eab57d7,2024-03-19_21:24:11,2024-03-19,21:24:11,139.32345581054688,7.9,144.9183349609375,248.3,145.83541870117188,124.7,86180.0,0,86614.84375,239.9,85977.8828125,119.8,6.181,-2.55,138.00120143141103,-53.58308442132921,-83.02111765754076,19.149249136207075,-134.6483452246896,119.89772045639103,86180.0,-43438.274138013745,-42728.76898209109,0.0,-74934.95511273548,74608.63645848967,(138.00120143141103+19.149249136207075j),(-53.58308442132921-134.6483452246896j),(-83.02111765754076+119.89772045639103j),(86180+0j),(-43438.274138013745-74934.95511273548j),(-42728.76898209109+74608.63645848967j),-2.63909674692661,-24.3725335851725,24.515000000000004,-173.82
65f9a00c5ec4474d8eab57d8,2024-03-19_21:24:12,2024-03-19,21:24:12,136.36727905273438,8.0,144.57830810546875,248.3,145.6446075439453,124.9,86190.1640625,0,86640.8515625,239.8,85997.5078125,119.8,6.181,-2.55,135.04016206709406,-53.457360594133625,-83.32996119586004,18.978657095255617,-134.33241519807726,119.45069808806608,86190.1640625,-43582.07652896689,-42738.52209607626,0.0,-74881.50482528,74625.66635551203,(135.04016206709406+18.978657095255617j),(-53.457360594133625-134.33241519807726j),(-83.32996119586004+119.45069808806608j),(86190.1640625+0j),(-43582.07652896689-74881.50482528j),(-42738.52209607626+74625.66635551203j),-2.63909674692661,-24.3725335851725,24.515000000000004,-173.82
65f9a00d5ec4474d8eab57d9,2024-03-19_21:24:13,2024-03-19,21:24:13,135.95167541503906,7.6,143.11184692382812,247.9,144.74684143066406,124.4,86189.90625,0,86624.9375,239.8,85991.9453125,119.9,6.181,-2.55,134.7574133946202,-53.842149155430945,-81.77718925830692,17.980477839801043,-132.5972235918744,119.4325726975889,86189.90625,-43574.07143809747,-42865.9304558631,0.0,-74867.75070206453,74546.1378260544,(134.7574133946202+17.980477839801043j),(-53.842149155430945-132.5972235918744j),(-81.77718925830692+119.4325726975889j),(86189.90625+0j),(-43574.07143809747-74867.75070206453j),(-42865.9304558631+74546.1378260544j),-2.63909674692661,-24.3725335851725,24.515000000000004,-173.82
65f9a00e5ec4474d8eab57da,2024-03-19_21:24:14,2024-03-19,21:24:14,136.6144561767578,8.0,143.55050659179688,248.3,144.64788818359375,124.7,86177.5703125,0,86617.5234375,239.8,85978.71875,119.8,6.181,-2.55,135.28493368033784,-53.077334317332316,-82.34508085043429,19.01305750209235,-133.37745133465273,118.92139931782202,86177.5703125,-43570.342016774404,-42729.18442126164,0.0,-74861.34291466567,74609.36185617333,(135.28493368033784+19.01305750209235j),(-53.077334317332316-133.37745133465273j),(-82.34508085043429+118.92139931782202j),(86177.5703125+0j),(-43570.342016774404-74861.34291466567j),(-42729.18442126164+74609.36185617333j),-2.63909674692661,-24.3725335851725,24.515000000000004,-173.82
65f9a0105ec4474d8eab57db,2024-03-19_21:24:16,2024-03-19,21:24:16,139.3966522216797,7.7,145.63986206054688,248.2,146.11929321289062,124.5,86201.859375,0,86651.0703125,239.9,86000.125,119.8,6.181,-2.55,138.13974044817638,-54.08596034326012,-82.76287901082961,18.677225691263146,-135.22454775210903,120.42073619968234,86201.859375,-43456.44214807788,-42739.822770114886,0.0,-74966.2965747447,74627.93746040952,(138.13974044817638+18.677225691263146j),(-54.08596034326012-135.22454775210903j),(-82.76287901082961+120.42073619968234j),(86201.859375+0j),(-43456.44214807788-74966.2965747447j),(-42739.822770114886+74627.93746040952j),-2.63909674692661,-24.3725335851725,24.515000000000004,-173.82
65f9a0115ec4474d8eab57dc,2024-03-19_21:24:17,2024-03-19,21:24:17,136.69692993164062,7.6,142.76707458496094,248.1,144.13465881347656,124.5,86192.3359375,0,86641.171875,239.8,85999.1015625,119.8,6.181,-2.55,135.4961212529183,-53.25037457427975,-81.63876970898592,18.079042511989584,-132.46446766301784,118.78514701628508,86192.3359375,-43582.23765254355,-42739.314148326644,0.0,-74881.7816633025,74627.04935670333,(135.4961212529183+18.079042511989584j),(-53.25037457427975-132.46446766301784j),(-81.63876970898592+118.78514701628508j),(86192.3359375+0j),(-43582.23765254355-74881.7816633025j),(-42739.314148326644+74627.04935670333j),-2.63909674692661,-24.3725335851725,24.515000000000004,-173.82
65f9a0125ec4474d8eab57dd,2024-03-19_21:24:18,2024-03-19,21:24:18,136.43597412109375,8.0,142.51119995117188,248.5,143.19873046875,124.9,86204.2890625,0,86640.40625,239.8,86004.40625,119.9,6.181,-2.55,135.1081885997704,-52.230529604056095,-81.93056272033205,18.988217600939855,-132.59492406876936,117.44470741668799,86204.2890625,-43581.8525278969,-42872.142080432684,0.0,-74881.11995290726,74556.94017226185,(135.1081885997704+18.988217600939855j),(-52.230529604056095-132.59492406876936j),(-81.93056272033205+117.44470741668799j),(86204.2890625+0j),(-43581.8525278969-74881.11995290726j),(-42872.142080432684+74556.94017226185j),-2.63909674692661,-24.3725335851725,24.515000000000004,-173.82
65f9a0145ec4474d8eab57de,2024-03-19_21:24:20,2024-03-19,21:24:20,137.82955932617188,8.0,144.46351623535156,248.5,144.39065551757812,124.9,86207.2265625,0,86635.671875,239.8,85994.5,119.9,6.181,-2.55,136.48821152942992,-52.94605591716177,-82.6125177184754,19.18216717538265,-134.4113934378275,118.4222669813853,86207.2265625,-43579.471042837074,-42867.203936260754,0.0,-74877.02815189176,74548.3524763427,(136.48821152942992+19.18216717538265j),(-52.94605591716177-134.4113934378275j),(-82.6125177184754+118.4222669813853j),(86207.2265625+0j),(-43579.471042837074-74877.02815189176j),(-42867.203936260754+74548.3524763427j),-2.63909674692661,-24.3725335851725,24.515000000000004,-173.82
65f9a0155ec4474d8eab57df,2024-03-19_21:24:21,2024-03-19,21:24:21,138.41122436523438,7.8,145.18359375,248.1,146.5798797607422,124.7,86176.359375,0,86608.578125,239.8,85964.6640625,119.8,6.181,-2.55,137.13062163686442,-54.15170669919962,-83.44492409474576,18.78455854606072,-134.70660175258263,120.50977468029619,86176.359375,-43565.84234615807,-42722.19960754376,0.0,-74853.61170647632,74597.16568390295,(137.13062163686442+18.78455854606072j),(-54.15170669919962-134.70660175258263j),(-83.44492409474576+120.50977468029619j),(86176.359375+0j),(-43565.84234615807-74853.61170647632j),(-42722.19960754376+74597.16568390295j),-2.63909674692661,-24.3725335851725,24.515000000000004,-173.82
65f9a0165ec4474d8eab57e0,2024-03-19_21:24:22,2024-03-19,21:24:22,137.47235107421875,7.7,143.67002868652344,248.1,144.96453857421875,124.8,86221.09375,0,86650.6875,239.8,86011.7578125,119.8,6.181,-2.55,136.2327903398506,-53.58716542238928,-82.73322899741979,18.419395920918813,-133.30226121405425,119.03751620265207,86221.09375,-43587.024201723194,-42745.6039750209,0.0,-74890.00577821484,74638.03201322253,(136.2327903398506+18.419395920918813j),(-53.58716542238928-133.30226121405425j),(-82.73322899741979+119.03751620265207j),(86221.09375+0j),(-43587.024201723194-74890.00577821484j),(-42745.6039750209+74638.03201322253j),-2.63909674692661,-24.3725335851725,24.515000000000004,-173.82
65f9a0175ec4474d8eab57e1,2024-03-19_21:24:23,2024-03-19,21:24:23,136.29408264160156,7.7,143.21319580078125,248.0,144.82772827148438,124.5,86195.1484375,0,86631.90625,239.8,85993.09375,119.9,6.181,-2.55,135.06514611837264,-53.6486074111367,-82.03132857262365,18.261524228233647,-132.7849629073964,119.35632370716338,86195.1484375,-43577.57685835055,-42866.50293787672,0.0,-74873.77361709064,74547.1334027895,(135.06514611837264+18.261524228233647j),(-53.6486074111367-132.7849629073964j),(-82.03132857262365+119.35632370716338j),(86195.1484375+0j),(-43577.57685835055-74873.77361709064j),(-42866.50293787672+74547.1334027895j),-2.63909674692661,-24.3725335851725,24.515000000000004,-173.82
65f9a0195ec4474d8eab57e2,2024-03-19_21:24:25,2024-03-19,21:24:25,135.74539184570312,7.9,142.0011444091797,248.4,142.9855499267578,124.7,86191.25,0,86622.765625,239.8,85973.9921875,119.8,6.181,-2.55,134.4570952141613,-52.27410776634161,-81.39874571980187,18.657463758867255,-132.0293250408772,117.55471782578694,86191.25,-43572.97894165088,-42726.83544277397,0.0,-74865.87360522905,74605.26030852264,(134.4570952141613+18.657463758867255j),(-52.27410776634161-132.0293250408772j),(-81.39874571980187+117.55471782578694j),(86191.25+0j),(-43572.97894165088-74865.87360522905j),(-42726.83544277397+74605.26030852264j),-2.63909674692661,-24.3725335851725,24.515000000000004,-173.82
65f9a01a5ec4474d8eab57e3,2024-03-19_21:24:26,2024-03-19,21:24:26,138.8388214111328,8.0,144.62257385253906,248.4,145.8659210205078,124.9,86191.8203125,0,86635.2265625,239.9,85999.8671875,119.8,6.181,-2.55,137.4876515451583,-53.239120307572726,-83.45658478821315,19.32262930942808,-134.4666684967279,119.63220875102496,86191.8203125,-43448.49633733601,-42739.69464401556,0.0,-74952.58933192506,74627.71373962857,(137.4876515451583+19.32262930942808j),(-53.239120307572726-134.4666684967279j),(-83.45658478821315+119.63220875102496j),(86191.8203125+0j),(-43448.49633733601-74952.58933192506j),(-42739.69464401556+74627.71373962857j),-2.63909674692661,-24.3725335851725,24.515000000000004,-173.82
65f9a01b5ec4474d8eab57e4,2024-03-19_21:24:27,2024-03-19,21:24:27,135.77012634277344,7.8,144.3237762451172,248.3,145.35777282714844,124.9,86196.546875,0,86640.65625,239.9,85997.25,119.8,6.181,-2.55,134.51395947463783,-53.36324826414576,-83.16584989628379,18.426120416087326,-134.09592135613147,119.2154500570194,86196.546875,-43451.21938391668,-42738.39396997693,0.0,-74957.28683377893,74625.44263473108,(134.51395947463783+18.426120416087326j),(-53.36324826414576-134.09592135613147j),(-83.16584989628379+119.2154500570194j),(86196.546875+0j),(-43451.21938391668-74957.28683377893j),(-42738.39396997693+74625.44263473108j),-2.63909674692661,-24.3725335851725,24.515000000000004,-173.82
65f9a01c5ec4474d8eab57e5,2024-03-19_21:24:28,2024-03-19,21:24:28,135.81407165527344,7.8,142.707763671875,248.2,144.48814392089844,124.5,86185.8203125,0,86633.1171875,239.9,85985.875,119.8,6.181,-2.55,134.55749819809606,-52.99707331103872,-81.83898587848971,18.432084479329067,-132.50213595520682,119.07646335059931,86185.8203125,-43447.43846312481,-42732.740891170244,0.0,-74950.76440314729,74615.571802699,(134.55749819809606+18.432084479329067j),(-52.99707331103872-132.50213595520682j),(-81.83898587848971+119.07646335059931j),(86185.8203125+0j),(-43447.43846312481-74950.76440314729j),(-42732.740891170244+74615.571802699j),-2.63909674692661,-24.3725335851725,24.515000000000004,-173.82
65f9a01d5ec4474d8eab57e6,2024-03-19_21:24:29,2024-03-19,21:24:29,136.82582092285156,7.7,143.68528747558594,248.1,144.58348083496094,124.6,86194.3203125,0,86641.234375,239.9,85993.03125,119.8,6.181,-2.55,135.59208982173664,-53.5928567642865,-82.10082523013747,18.33276981217921,-133.31641887173706,119.01192136455884,86194.3203125,-43451.509319811594,-42736.29736107885,0.0,-74957.78699944394,74621.78174922468,(135.59208982173664+18.33276981217921j),(-53.5928567642865-133.31641887173706j),(-82.10082523013747+119.01192136455884j),(86194.3203125+0j),(-43451.509319811594-74957.78699944394j),(-42736.29736107885+74621.78174922468j),-2.63909674692661,-24.3725335851725,24.515000000000004,-173.82
65f9a01f5ec4474d8eab57e7,2024-03-19_21:24:31,2024-03-19,21:24:31,138.4360809326172,8.0,144.69012451171875,248.4,145.15658569335938,124.8,86217.3203125,0,86660.0859375,239.9,86007.921875,119.9,6.181,-2.55,137.08883050929455,-53.2639873637668,-82.84283289394806,19.26657866815092,-134.5294755112394,119.1952155426508,86217.3203125,-43460.96358081758,-42873.89457639276,0.0,-74974.09645552078,74559.98785614483,(137.08883050929455+19.26657866815092j),(-53.2639873637668-134.5294755112394j),(-82.84283289394806+119.1952155426508j),(86217.3203125+0j),(-43460.96358081758-74974.09645552078j),(-42873.89457639276+74559.98785614483j),-2.63909674692661,-24.3725335851725,24.515000000000004,-173.82
65f9a0205ec4474d8eab57e8,2024-03-19_21:24:32,2024-03-19,21:24:32,136.71612548828125,7.8,144.11782836914062,248.2,145.41709899902344,124.6,86205.4375,0,86637.59375,239.9,86001.015625,119.8,6.181,-2.55,135.45120608513753,-53.52072598564805,-82.574190090363,18.55450723164228,-133.8113610416031,119.6981027928696,86205.4375,-43449.68350728413,-42740.26538754893,0.0,-74954.63730755344,74628.71031401643,(135.45120608513753+18.55450723164228j),(-53.52072598564805-133.8113610416031j),(-82.574190090363+119.6981027928696j),(86205.4375+0j),(-43449.68350728413-74954.63730755344j),(-42740.26538754893+74628.71031401643j),-2.63909674692661,-24.3725335851725,24.515000000000004,-173.82
65f9a0225ec4474d8eab57e9,2024-03-19_21:24:34,2024-03-19,21:24:34,135.859375,7.8,143.32015991210938,248.1,144.58958435058594,124.4,86208.1796875,0,86634.078125,239.8,86001.078125,119.8,6.181,-2.55,134.60238238905004,-53.45666864402807,-81.68834419700784,18.438232848691822,-132.97764028104572,119.3028177581166,86208.1796875,-43578.66935479714,-42740.29644842149,0.0,-74875.65071392614,74628.76454935726,(134.60238238905004+18.438232848691822j),(-53.45666864402807-132.97764028104572j),(-81.68834419700784+119.3028177581166j),(86208.1796875+0j),(-43578.66935479714-74875.65071392614j),(-42740.29644842149+74628.76454935726j),-2.63909674692661,-24.3725335851725,24.515000000000004,-173.82
65f9a0235ec4474d8eab57ea,2024-03-19_21:24:35,2024-03-19,21:24:35,136.30242919921875,8.1,141.7876434326172,248.4,142.37869262695312,124.9,86215.7890625,0,86662.453125,239.8,86002.234375,119.8,6.181,-2.55,134.94262951146266,-52.1955128148468,-81.4613814530788,19.20518019025506,-131.83081685315523,116.7721518424508,86215.7890625,-43592.94254578277,-42740.871074563926,0.0,-74900.17451143159,74629.76790316272,(134.94262951146266+19.20518019025506j),(-52.1955128148468-131.83081685315523j),(-81.4613814530788+116.7721518424508j),(86215.7890625+0j),(-43592.94254578277-74900.17451143159j),(-42740.871074563926+74629.76790316272j),-2.63909674692661,-24.3725335851725,24.515000000000004,-173.82
65f9a0245ec4474d8eab57eb,2024-03-19_21:24:36,2024-03-19,21:24:36,139.9314422607422,8.0,146.0475616455078,248.4,146.88783264160156,124.9,86217.703125,0,86649.734375,239.8,86006.3828125,119.9,6.181,-2.55,138.56963908376773,-53.76369330144047,-84.04126730524796,19.47469274124184,-135.79158863930803,120.4703314840422,86217.703125,-43586.544760836565,-42873.12737260579,0.0,-74889.18201629423,74558.65364786716,(138.56963908376773+19.47469274124184j),(-53.76369330144047-135.79158863930803j),(-84.04126730524796+120.4703314840422j),(86217.703125+0j),(-43586.544760836565-74889.18201629423j),(-42873.12737260579+74558.65364786716j),-2.63909674692661,-24.3725335851725,24.515000000000004,-173.82
65f9a0265ec4474d8eab57ec,2024-03-19_21:24:38,2024-03-19,21:24:38,136.44703674316406,7.7,142.6319580078125,248.3,144.8087615966797,124.7,86203.390625,0,86646.5390625,239.9,86001.015625,119.8,6.181,-2.55,135.21672106334856,-52.73770395700563,-82.43666279036854,18.282017964846087,-132.52399792673634,119.0536604357509,86203.390625,-43454.169677550126,-42740.26538754893,0.0,-74962.37635737025,74628.71031401643,(135.21672106334856+18.282017964846087j),(-52.73770395700563-132.52399792673634j),(-82.43666279036854+119.0536604357509j),(86203.390625+0j),(-43454.169677550126-74962.37635737025j),(-42740.26538754893+74628.71031401643j),-2.63909674692661,-24.3725335851725,24.515000000000004,-173.82
65f9a0275ec4474d8eab57ed,2024-03-19_21:24:39,2024-03-19,21:24:39,134.89813232421875,7.8,142.24380493164062,248.1,143.95765686035156,124.3,86188.4375,0,86637.015625,239.8,85988.234375,119.8,6.181,-2.55,133.65003328385077,-53.055201386598604,-81.12388958482458,18.307777248699885,-131.97895910810215,118.92317481194283,86188.4375,-43580.14697589036,-42733.91343910954,0.0,-74878.18952115688,74617.61918681554,(133.65003328385077+18.307777248699885j),(-53.055201386598604-131.97895910810215j),(-81.12388958482458+118.92317481194283j),(86188.4375+0j),(-43580.14697589036-74878.18952115688j),(-42733.91343910954+74617.61918681554j),-2.63909674692661,-24.3725335851725,24.515000000000004,-173.82
65f9a02b5ec4474d8eab57ee,2024-03-19_21:24:43,2024-03-19,21:24:43,136.07763671875,8.1,142.63998413085938,248.4,143.64234924316406,125.0,86173.9921875,0,86609.6015625,239.8,85975.71875,119.8,6.181,-2.55,134.72007963772182,-52.50928035312215,-82.38986678798643,19.17350665282671,-132.62330319234638,117.66492402901115,86173.9921875,-43566.357155634694,-42727.693499378554,0.0,-74854.49623771895,74606.75855981323,(134.72007963772182+19.17350665282671j),(-52.50928035312215-132.62330319234638j),(-82.38986678798643+117.66492402901115j),(86173.9921875+0j),(-43566.357155634694-74854.49623771895j),(-42727.693499378554+74606.75855981323j),-2.63909674692661,-24.3725335851725,24.515000000000004,-173.82
65f9a02c5ec4474d8eab57ef,2024-03-19_21:24:44,2024-03-19,21:24:44,139.4449920654297,7.9,146.2101287841797,248.4,147.58734130859375,124.8,86210.03125,0,86652.671875,239.9,85996.421875,119.8,6.181,-2.55,138.121584241999,-53.823538256645286,-84.23009810328743,19.1659536315865,-135.94273974222327,121.19122859369783,86210.03125,-43457.24534886786,-42737.982413415455,0.0,-74967.68216881671,74624.72401646501,(138.121584241999+19.1659536315865j),(-53.823538256645286-135.94273974222327j),(-84.23009810328743+121.19122859369783j),(86210.03125+0j),(-43457.24534886786-74967.68216881671j),(-42737.982413415455+74624.72401646501j),-2.63909674692661,-24.3725335851725,24.515000000000004,-173.82
65f9a0315ec4474d8eab57f0,2024-03-19_21:24:49,2024-03-19,21:24:49,136.09706115722656,8.2,142.82569885253906,248.6,144.0030517578125,125.0,86158.46875,0,86595.421875,239.9,85946.703125,119.8,6.181,-2.55,134.70563622982655,-52.113781718087715,-82.59675725092134,19.41137871330903,-132.97869757128652,117.96039423126558,86158.46875,-43428.53385916548,-42713.273489290616,0.0,-74918.1522499891,74581.57980283033,(134.70563622982655+19.41137871330903j),(-52.113781718087715-132.97869757128652j),(-82.59675725092134+117.96039423126558j),(86158.46875+0j),(-43428.53385916548-74918.1522499891j),(-42713.273489290616+74581.57980283033j),-2.63909674692661,-24.3725335851725,24.515000000000004,-173.82
65f9a0325ec4474d8eab57f1,2024-03-19_21:24:50,2024-03-19,21:24:50,135.55560302734375,7.4,142.17726135253906,247.9,144.53175354003906,124.3,86172.140625,0,86618.2890625,239.8,85978.3984375,119.8,6.181,-2.55,134.42658242166675,-53.490535387532034,-81.44740801843706,17.458964761338013,-131.7313033020754,119.39743509990835,86172.140625,-43570.72714142104,-42729.025234289744,0.0,-74862.00462506092,74609.08390005156,(134.42658242166675+17.458964761338013j),(-53.490535387532034-131.7313033020754j),(-81.44740801843706+119.39743509990835j),(86172.140625+0j),(-43570.72714142104-74862.00462506092j),(-42729.025234289744+74609.08390005156j),-2.63909674692661,-24.3725335851725,24.515000000000004,-173.82
65f9a0335ec4474d8eab57f2,2024-03-19_21:24:51,2024-03-19,21:24:51,135.6664276123047,7.5,142.1048583984375,248.0,143.83056640625,124.2,86130.671875,0,86572.09375,239.8,85924.8515625,119.8,6.181,-2.55,134.5057825171615,-53.23341691248927,-80.8447706040102,17.708022208331393,-131.75733036253078,118.95946746151674,86130.671875,-43547.48997779273,-42702.41383172035,0.0,-74822.0791804988,74562.61777179068,(134.5057825171615+17.708022208331393j),(-53.23341691248927-131.75733036253078j),(-80.8447706040102+118.95946746151674j),(86130.671875+0j),(-43547.48997779273-74822.0791804988j),(-42702.41383172035+74562.61777179068j),-2.63909674692661,-24.3725335851725,24.515000000000004,-173.82
65f9a0395ec4474d8eab57f3,2024-03-19_21:24:57,2024-03-19,21:24:57,134.56362915039062,7.6,141.1613311767578,247.8,142.61331176757812,124.3,86169.203125,0,86625.9609375,239.9,85964.46875,119.8,6.181,-2.55,133.38156036651256,-53.336508440168394,-80.36631610628535,17.79689985132876,-130.6971242491821,117.81261362358894,86169.203125,-43443.84952691201,-42722.102542317,0.0,-74944.57316329384,74596.99619846283,(133.38156036651256+17.79689985132876j),(-53.336508440168394-130.6971242491821j),(-80.36631610628535+117.81261362358894j),(86169.203125+0j),(-43443.84952691201-74944.57316329384j),(-42722.102542317+74596.99619846283j),-2.63909674692661,-24.3725335851725,24.515000000000004,-173.82
65f9a03a5ec4474d8eab57f4,2024-03-19_21:24:58,2024-03-19,21:24:58,137.88241577148438,7.7,144.15658569335938,248.1,144.72459411621094,124.7,86193.9375,0,86633.5625,239.9,85980.4453125,119.8,6.181,-2.55,136.639157565637,-53.76864524146575,-82.38874796719892,18.47433892548014,-133.7537064445852,118.98446264323495,86193.9375,-43447.66179212495,-42730.04247786623,0.0,-74951.14966588926,74610.86010746392,(136.639157565637+18.47433892548014j),(-53.76864524146575-133.7537064445852j),(-82.38874796719892+118.98446264323495j),(86193.9375+0j),(-43447.66179212495-74951.14966588926j),(-42730.04247786623+74610.86010746392j),-2.63909674692661,-24.3725335851725,24.515000000000004,-173.82
65f9a03b5ec4474d8eab57f5,2024-03-19_21:24:59,2024-03-19,21:24:59,138.2103729248047,7.5,144.65623474121094,248.1,146.1748809814453,124.4,86173.8046875,0,86612.734375,239.9,85972.8984375,119.9,6.181,-2.55,137.0279640248556,-53.95500823189001,-82.5839844840841,18.040073703188067,-134.21729894540795,120.61086740701377,86173.8046875,-43437.216263802555,-42856.43582219497,0.0,-74933.1301839577,74529.62615203952,(137.0279640248556+18.040073703188067j),(-53.95500823189001-134.21729894540795j),(-82.5839844840841+120.61086740701377j),(86173.8046875+0j),(-43437.216263802555-74933.1301839577j),(-42856.43582219497+74529.62615203952j),-2.63909674692661,-24.3725335851725,24.515000000000004,-173.82
65f9a03d5ec4474d8eab57f6,2024-03-19_21:25:01,2024-03-19,21:25:01,134.20663452148438,7.1,140.8694305419922,247.4,142.6370391845703,123.8,86205.625,0,86650.1171875,239.8,86001.4609375,119.8,6.181,-2.55,133.1775297117941,-54.13546326303765,-79.34835950632164,16.588138215227055,-130.05209755525462,118.52916430565172,86205.625,-43586.73732315988,-42740.48669626594,0.0,-74889.51287149185,74629.09674081988,(133.1775297117941+16.588138215227055j),(-54.13546326303765-130.05209755525462j),(-79.34835950632164+118.52916430565172j),(86205.625+0j),(-43586.73732315988-74889.51287149185j),(-42740.48669626594+74629.09674081988j),-2.63909674692661,-24.3725335851725,24.515000000000004,-173.82
65f9a03e5ec4474d8eab57f7,2024-03-19_21:25:02,2024-03-19,21:25:02,138.73883056640625,7.5,144.36117553710938,247.9,144.8132781982422,124.3,86181.0234375,0,86623.2109375,239.9,85981.71875,119.8,6.181,-2.55,137.5519006380752,-54.31217689238161,-81.60605449675278,18.109051266895907,-133.75476232144692,119.63000213990846,86181.0234375,-43442.47037238482,-42730.67534314472,0.0,-74942.19399688728,74611.96515253345,(137.5519006380752+18.109051266895907j),(-54.31217689238161-133.75476232144692j),(-81.60605449675278+119.63000213990846j),(86181.0234375+0j),(-43442.47037238482-74942.19399688728j),(-42730.67534314472+74611.96515253345j),-2.63909674692661,-24.3725335851725,24.515000000000004,-173.82
65f9a03f5ec4474d8eab57f8,2024-03-19_21:25:03,2024-03-19,21:25:03,137.7265167236328,7.2,143.82254028320312,247.5,145.15805053710938,124.0,86199.9453125,0,86646.984375,239.8,85987.859375,119.8,6.181,-2.55,136.64050200235042,-55.03850336704252,-81.17135174199957,17.261709688521126,-132.8747012814314,120.34147785410723,86199.9453125,-43585.16145598333,-42733.72707387416,0.0,-74886.80526058885,74617.29377477053,(136.64050200235042+17.261709688521126j),(-55.03850336704252-132.8747012814314j),(-81.17135174199957+120.34147785410723j),(86199.9453125+0j),(-43585.16145598333-74886.80526058885j),(-42733.72707387416+74617.29377477053j),-2.63909674692661,-24.3725335851725,24.515000000000004,-173.82
65f9a0415ec4474d8eab57f9,2024-03-19_21:25:05,2024-03-19,21:25:05,136.6319580078125,7.3,143.62269592285156,247.8,145.03175354003906,124.3,86211.7578125,0,86645.0,239.8,86010.6640625,119.8,6.181,-2.55,135.5244798281435,-54.26651243247969,-81.72917104290585,17.36108626669885,-132.97602946607861,119.81048424715624,86211.7578125,-43584.16327577674,-42745.06040975103,0.0,-74885.09021527873,74637.08289475791,(135.5244798281435+17.36108626669885j),(-54.26651243247969-132.97602946607861j),(-81.72917104290585+119.81048424715624j),(86211.7578125+0j),(-43584.16327577674-74885.09021527873j),(-42745.06040975103+74637.08289475791j),-2.63909674692661,-24.3725335851725,24.515000000000004,-173.82
65f9a0425ec4474d8eab57fa,2024-03-19_21:25:06,2024-03-19,21:25:06,136.9254608154297,7.5,143.7188262939453,247.9,144.5673370361328,124.4,86189.078125,0,86627.1171875,239.8,85962.875,119.8,6.181,-2.55,135.7540445166988,-54.07050952169408,-81.67577519842699,17.872359018213913,-133.15960735663654,119.28446119866089,86189.078125,-43575.16786438739,-42721.31049006661,0.0,-74869.63455104691,74595.61319727152,(135.7540445166988+17.872359018213913j),(-54.07050952169408-133.15960735663654j),(-81.67577519842699+119.28446119866089j),(86189.078125+0j),(-43575.16786438739-74869.63455104691j),(-42721.31049006661+74595.61319727152j),-2.63909674692661,-24.3725335851725,24.515000000000004,-173.82
65f9a0455ec4474d8eab57fb,2024-03-19_21:25:09,2024-03-19,21:25:09,136.88331604003906,7.2,142.77903747558594,247.6,144.0673370361328,124.1,86184.984375,0,86624.171875,239.8,85982.875,119.8,6.181,-2.55,135.80395020799864,-54.40886154575141,-80.76976698534115,17.156028620302692,-132.0057927810368,119.29644731431183,86184.984375,-43573.68631345083,-42731.24996928716,0.0,-74867.08899166928,74612.9685063389,(135.80395020799864+17.156028620302692j),(-54.40886154575141-132.0057927810368j),(-80.76976698534115+119.29644731431183j),(86184.984375+0j),(-43573.68631345083-74867.08899166928j),(-42731.24996928716+74612.9685063389j),-2.63909674692661,-24.3725335851725,24.515000000000004,-173.82
65f9a0475ec4474d8eab57fc,2024-03-19_21:25:11,2024-03-19,21:25:11,135.4204864501953,7.3,142.88262939453125,247.6,144.1834716796875,124.2,86197.1875,0,86641.75,239.9,85986.7109375,119.8,6.181,-2.55,134.32282792278716,-54.44833735729074,-81.04313279216578,17.207151107398555,-132.10156827881198,119.25134855773594,86197.1875,-43451.767911285446,-42733.15633034079,0.0,-74958.23309314517,74616.29720038269,(134.32282792278716+17.207151107398555j),(-54.44833735729074-132.10156827881198j),(-81.04313279216578+119.25134855773594j),(86197.1875+0j),(-43451.767911285446-74958.23309314517j),(-42733.15633034079+74616.29720038269j),-2.63909674692661,-24.3725335851725,24.515000000000004,-173.82
65f9a0485ec4474d8eab57fd,2024-03-19_21:25:12,2024-03-19,21:25:12,138.02622985839844,7.2,143.79226684570312,247.5,144.77667236328125,124.1,86167.609375,0,86610.1796875,239.9,85965.171875,119.8,6.181,-2.55,136.93785180952844,-55.026918224070535,-81.16744802996183,17.299273704842996,-132.84673227214643,119.88381976266993,86167.609375,-43435.93506059122,-42722.45197713334,0.0,-74930.91999243798,74597.60634604722,(136.93785180952844+17.299273704842996j),(-55.026918224070535-132.84673227214643j),(-81.16744802996183+119.88381976266993j),(86167.609375+0j),(-43435.93506059122-74930.91999243798j),(-42722.45197713334+74597.60634604722j),-2.63909674692661,-24.3725335851725,24.515000000000004,-173.82
65f9a04b5ec4474d8eab57fe,2024-03-19_21:25:15,2024-03-19,21:25:15,135.75047302246094,7.3,143.62620544433594,247.7,145.1829071044922,124.2,86160.8359375,0,86610.75,239.9,85965.3671875,119.8,6.181,-2.55,134.65013976994675,-54.49984832563159,-81.60489883168508,17.24908072204719,-132.88436109197255,120.07796218283374,86160.8359375,-43436.221078433504,-42722.54904236011,0.0,-74931.41339910752,74597.77583148734,(134.65013976994675+17.24908072204719j),(-54.49984832563159-132.88436109197255j),(-81.60489883168508+120.07796218283374j),(86160.8359375+0j),(-43436.221078433504-74931.41339910752j),(-42722.54904236011+74597.77583148734j),-2.63909674692661,-24.3725335851725,24.515000000000004,-173.82
65f9a04c5ec4474d8eab57ff,2024-03-19_21:25:16,2024-03-19,21:25:16,135.44557189941406,7.8,142.1153564453125,248.1,143.092529296875,124.5,86158.2734375,0,86612.6015625,239.8,85958.96875,119.8,6.181,-2.55,134.19240786076412,-53.007291670507854,-81.04850105109934,18.38207332402071,-131.85977994572846,117.92630078971773,86158.2734375,-43567.86621547458,-42719.369185531345,0.0,-74857.08906212481,74592.2234884693,(134.19240786076412+18.38207332402071j),(-53.007291670507854-131.85977994572846j),(-81.04850105109934+117.92630078971773j),(86158.2734375+0j),(-43567.86621547458-74857.08906212481j),(-42719.369185531345+74592.2234884693j),-2.63909674692661,-24.3725335851725,24.515000000000004,-173.82
65f9a04d5ec4474d8eab5800,2024-03-19_21:25:17,2024-03-19,21:25:17,133.7330780029297,7.4,140.6951141357422,247.9,143.2313690185547,124.4,86178.46875,0,86618.421875,239.9,85979.609375,119.8,6.181,-2.55,132.6192369122338,-52.932915643028565,-80.92099735086433,17.224231563541068,-130.3580514705461,118.18213595408908,86178.46875,-43440.06860612015,-42729.62703869568,0.0,-74938.0507326622,74610.13470978024,(132.6192369122338+17.224231563541068j),(-52.932915643028565-130.3580514705461j),(-80.92099735086433+118.18213595408908j),(86178.46875+0j),(-43440.06860612015-74938.0507326622j),(-42729.62703869568+74610.13470978024j),-2.63909674692661,-24.3725335851725,24.515000000000004,-173.82
65f9a04f5ec4474d8eab5801,2024-03-19_21:25:19,2024-03-19,21:25:19,139.03334045410156,7.6,144.6505889892578,248.1,144.18934631347656,124.4,86221.34375,0,86666.03125,239.8,86012.515625,119.8,6.181,-2.55,137.8120076711888,-53.95290243538805,-81.46222291252546,18.388047733849024,-134.21206061206533,118.97257595117325,86221.34375,-43594.74241402931,-42745.98058810074,0.0,-74903.26699470732,74638.68961673016,(137.8120076711888+18.388047733849024j),(-53.95290243538805-134.21206061206533j),(-81.46222291252546+118.97257595117325j),(86221.34375+0j),(-43594.74241402931-74903.26699470732j),(-42745.98058810074+74638.68961673016j),-2.63909674692661,-24.3725335851725,24.515000000000004,-173.82
65f9a0515ec4474d8eab5802,2024-03-19_21:25:21,2024-03-19,21:25:21,136.0281524658203,7.9,140.6517333984375,248.1,141.6522979736328,124.5,86189.71875,0,86627.1171875,239.8,85969.8359375,119.8,6.181,-2.55,134.7371722842185,-52.4613781557271,-80.23274504700045,18.696327663936444,-130.50177742079583,116.7393684385601,86189.71875,-43575.16786438739,-42724.769894748446,0.0,-74869.63455104691,74601.65365835709,(134.7371722842185+18.696327663936444j),(-52.4613781557271-130.50177742079583j),(-80.23274504700045+116.7393684385601j),(86189.71875+0j),(-43575.16786438739-74869.63455104691j),(-42724.769894748446+74601.65365835709j),-2.63909674692661,-24.3725335851725,24.515000000000004,-173.82
65f9a0525ec4474d8eab5803,2024-03-19_21:25:22,2024-03-19,21:25:22,138.41958618164062,7.5,146.2539520263672,248.0,147.37313842773438,124.5,86174.25,0,86633.5,239.8,85986.828125,119.8,6.181,-2.55,137.23538743327688,-54.78769474221168,-83.47306476065548,18.06738151296482,-135.60430298543312,121.45406287771347,86174.25,-43578.37854639049,-42733.21456947685,0.0,-74875.15105505627,74616.39889164675,(137.23538743327688+18.06738151296482j),(-54.78769474221168-135.60430298543312j),(-83.47306476065548+121.45406287771347j),(86174.25+0j),(-43578.37854639049-74875.15105505627j),(-42733.21456947685+74616.39889164675j),-2.63909674692661,-24.3725335851725,24.515000000000004,-173.82
65f9a0545ec4474d8eab5804,2024-03-19_21:25:24,2024-03-19,21:25:24,138.3921356201172,7.8,145.29576110839844,248.0,146.57083129882812,124.5,86201.984375,0,86642.0,239.8,85988.046875,119.8,6.181,-2.55,137.11170950386224,-54.428750106589334,-83.01863299891372,18.781967906090088,-134.71588383669996,120.79286056146368,86201.984375,-43582.65421593685,-42733.82025649185,0.0,-74882.49739087287,74617.45648079304,(137.11170950386224+18.781967906090088j),(-54.428750106589334-134.71588383669996j),(-83.01863299891372+120.79286056146368j),(86201.984375+0j),(-43582.65421593685-74882.49739087287j),(-42733.82025649185+74617.45648079304j),-2.63909674692661,-24.3725335851725,24.515000000000004,-173.82
65f9a0555ec4474d8eab5805,2024-03-19_21:25:25,2024-03-19,21:25:25,134.38694763183594,7.5,141.3988037109375,247.9,143.1011199951172,124.1,86184.6015625,0,86633.0546875,239.9,85968.6171875,119.8,6.181,-2.55,133.23724866529508,-53.197660734935276,-80.22806803493627,17.541016558459024,-131.01004000921057,118.49636130801048,86184.6015625,-43447.40711870374,-42724.16420773345,0.0,-74950.71033118351,74600.59606921079,(133.23724866529508+17.541016558459024j),(-53.197660734935276-131.01004000921057j),(-80.22806803493627+118.49636130801048j),(86184.6015625+0j),(-43447.40711870374-74950.71033118351j),(-42724.16420773345+74600.59606921079j),-2.63909674692661,-24.3725335851725,24.515000000000004,-173.82
65f9a0565ec4474d8eab5806,2024-03-19_21:25:26,2024-03-19,21:25:26,137.02001953125,7.8,143.14517211914062,248.1,143.5941162109375,124.4,86191.4453125,0,86622.8984375,239.9,85970.6640625,119.8,6.181,-2.55,135.75228845194096,-53.39140033515082,-81.12593754514566,18.59575038564316,-132.81528026273955,118.4814435589867,86191.4453125,-43442.313650279466,-42725.18145130992,0.0,-74941.92363706834,74602.37227662315,(135.75228845194096+18.59575038564316j),(-53.39140033515082-132.81528026273955j),(-81.12593754514566+118.4814435589867j),(86191.4453125+0j),(-43442.313650279466-74941.92363706834j),(-42725.18145130992+74602.37227662315j),-2.63909674692661,-24.3725335851725,24.515000000000004,-173.82
65f9a0585ec4474d8eab5807,2024-03-19_21:25:28,2024-03-19,21:25:28,136.94862365722656,7.5,145.59840393066406,248.0,147.10720825195312,124.4,86190.3515625,0,86639.3828125,239.8,85998.3359375,119.8,6.181,-2.55,135.77700919717313,-54.54212210326004,-83.11071862831425,17.875382375754658,-134.9964893752052,121.38014322272274,86190.3515625,-43581.337718420276,-42738.93365263774,0.0,-74880.23542166463,74626.3849737781,(135.77700919717313+17.875382375754658j),(-54.54212210326004-134.9964893752052j),(-83.11071862831425+121.38014322272274j),(86190.3515625+0j),(-43581.337718420276-74880.23542166463j),(-42738.93365263774+74626.3849737781j),-2.63909674692661,-24.3725335851725,24.515000000000004,-173.82
65f9a0595ec4474d8eab5808,2024-03-19_21:25:29,2024-03-19,21:25:29,133.40829467773438,7.5,141.32492065429688,247.9,142.20799255371094,124.2,86168.8828125,0,86598.1640625,239.8,85964.46875,119.8,6.181,-2.55,132.2669682228828,-53.16986413639217,-79.9327488121605,17.41327671485524,-130.94158524189672,117.61746814775584,86168.8828125,-43560.60386499511,-42722.102542317,0.0,-74844.6110946716,74596.99619846283,(132.2669682228828+17.41327671485524j),(-53.16986413639217-130.94158524189672j),(-79.9327488121605+117.61746814775584j),(86168.8828125+0j),(-43560.60386499511-74844.6110946716j),(-42722.102542317+74596.99619846283j),-2.63909674692661,-24.3725335851725,24.515000000000004,-173.82
65f9a05b5ec4474d8eab5809,2024-03-19_21:25:31,2024-03-19,21:25:31,137.15286254882812,7.9,143.59378051757812,248.1,143.19139099121094,124.5,86178.40625,0,86615.2265625,239.9,85971.5,119.8,6.181,-2.55,135.85120826483728,-53.55872578692891,-81.10449693136417,18.850912930718852,-133.2315153986134,118.00777530107152,86178.40625,-43438.466122592814,-42725.59689048047,0.0,-74935.28630351365,74603.09767430683,(135.85120826483728+18.850912930718852j),(-53.55872578692891-133.2315153986134j),(-81.10449693136417+118.00777530107152j),(86178.40625+0j),(-43438.466122592814-74935.28630351365j),(-42725.59689048047+74603.09767430683j),-2.63909674692661,-24.3725335851725,24.515000000000004,-173.82
65f9a05c5ec4474d8eab580a,2024-03-19_21:25:32,2024-03-19,21:25:32,136.623046875,8.0,144.42578125,248.4,146.445556640625,124.7,86194.4453125,0,86643.1484375,239.8,85989.2578125,119.8,6.181,-2.55,135.29344077449528,-53.16667611879138,-83.3684566929397,19.01425309620613,-134.28369536229033,120.39934172751919,86194.4453125,-43583.2319029068,-42734.42206089778,0.0,-74883.48995646574,74618.50729052174,(135.29344077449528+19.01425309620613j),(-53.16667611879138-134.28369536229033j),(-83.3684566929397+120.39934172751919j),(86194.4453125+0j),(-43583.2319029068-74883.48995646574j),(-42734.42206089778+74618.50729052174j),-2.63909674692661,-24.3725335851725,24.515000000000004,-173.82
65f9a05e5ec4474d8eab580b,2024-03-19_21:25:34,2024-03-19,21:25:34,133.5524444580078,7.6,141.0830535888672,248.0,142.80987548828125,124.4,86163.0,0,86606.0234375,239.9,85951.3671875,119.8,6.181,-2.55,132.37925838535824,-52.85064209364013,-80.68286741410274,17.66316421403095,-130.8099294405785,117.8343559528235,86163.0,-43433.85065658989,-42715.59140690572,0.0,-74927.32420684623,74585.62711514017,(132.37925838535824+17.66316421403095j),(-52.85064209364013-130.8099294405785j),(-80.68286741410274+117.8343559528235j),(86163+0j),(-43433.85065658989-74927.32420684623j),(-42715.59140690572+74585.62711514017j),-2.63909674692661,-24.3725335851725,24.515000000000004,-173.82
65f9a05f5ec4474d8eab580c,2024-03-19_21:25:35,2024-03-19,21:25:35,134.59718322753906,7.6,140.91314697265625,248.0,141.85665893554688,124.4,86206.265625,0,86638.1640625,239.9,85967.0859375,119.8,6.181,-2.55,133.41481968922088,-52.78699395494253,-80.14433151468936,17.80133759245082,-130.65239476924364,117.04784410838006,86206.265625,-43449.96952512641,-42723.403216355626,0.0,-74955.13071422298,74599.26730336032,(133.41481968922088+17.80133759245082j),(-52.78699395494253-130.65239476924364j),(-80.14433151468936+117.04784410838006j),(86206.265625+0j),(-43449.96952512641-74955.13071422298j),(-42723.403216355626+74599.26730336032j),-2.63909674692661,-24.3725335851725,24.515000000000004,-173.82
